<?xml version="1.0" ?><annotation>
    <folder>dataset</folder>
    <filename>00126.jpg</filename>
    <path>dataset/00126.jpg</path>
    <source>
        <database>None</database>
    </source>
    <size>
        <width>384</width>
        <height>288</height>
        <depth>3</depth>
    </size>
    <segmented>0</segmented>
    <object>
        <name>flying object</name>
        <pose>Unspecified</pose>
        <truncated>0</truncated>
        <difficult>0</difficult>
        <bndbox>
            <xmin>262</xmin>
            <ymin>155</ymin>
            <xmax>266</xmax>
            <ymax>159</ymax>
        </bndbox>
    </object>
    <object>
        <name>flying object</name>
        <pose>Unspecified</pose>
        <truncated>0</truncated>
        <difficult>0</difficult>
        <bndbox>
            <xmin>199</xmin>
            <ymin>159</ymin>
            <xmax>203</xmax>
            <ymax>163</ymax>
        </bndbox>
    </object>
</annotation>