<?xml version="1.0" ?><annotation>
    <folder>dataset</folder>
    <filename>02296.jpg</filename>
    <path>dataset/02296.jpg</path>
    <source>
        <database>None</database>
    </source>
    <size>
        <width>384</width>
        <height>288</height>
        <depth>3</depth>
    </size>
    <segmented>0</segmented>
    <object>
        <name>flying object</name>
        <pose>Unspecified</pose>
        <truncated>0</truncated>
        <difficult>0</difficult>
        <bndbox>
            <xmin>117</xmin>
            <ymin>162</ymin>
            <xmax>128</xmax>
            <ymax>169</ymax>
        </bndbox>
    </object>
    <object>
        <name>flying object</name>
        <pose>Unspecified</pose>
        <truncated>0</truncated>
        <difficult>0</difficult>
        <bndbox>
            <xmin>232</xmin>
            <ymin>132</ymin>
            <xmax>237</xmax>
            <ymax>136</ymax>
        </bndbox>
    </object>
</annotation>