<?xml version="1.0" ?><annotation>
    <folder>dataset</folder>
    <filename>02321.jpg</filename>
    <path>dataset/02321.jpg</path>
    <source>
        <database>None</database>
    </source>
    <size>
        <width>384</width>
        <height>288</height>
        <depth>3</depth>
    </size>
    <segmented>0</segmented>
    <object>
        <name>flying object</name>
        <pose>Unspecified</pose>
        <truncated>0</truncated>
        <difficult>0</difficult>
        <bndbox>
            <xmin>78</xmin>
            <ymin>177</ymin>
            <xmax>89</xmax>
            <ymax>184</ymax>
        </bndbox>
    </object>
    <object>
        <name>flying object</name>
        <pose>Unspecified</pose>
        <truncated>0</truncated>
        <difficult>0</difficult>
        <bndbox>
            <xmin>51</xmin>
            <ymin>108</ymin>
            <xmax>59</xmax>
            <ymax>114</ymax>
        </bndbox>
    </object>
    <object>
        <name>flying object</name>
        <pose>Unspecified</pose>
        <truncated>0</truncated>
        <difficult>0</difficult>
        <bndbox>
            <xmin>195</xmin>
            <ymin>143</ymin>
            <xmax>200</xmax>
            <ymax>148</ymax>
        </bndbox>
    </object>
</annotation>