<?xml version="1.0" ?><annotation>
    <folder>dataset</folder>
    <filename>02335.jpg</filename>
    <path>dataset/02335.jpg</path>
    <source>
        <database>None</database>
    </source>
    <size>
        <width>384</width>
        <height>288</height>
        <depth>3</depth>
    </size>
    <segmented>0</segmented>
    <object>
        <name>flying object</name>
        <pose>Unspecified</pose>
        <truncated>0</truncated>
        <difficult>0</difficult>
        <bndbox>
            <xmin>88</xmin>
            <ymin>184</ymin>
            <xmax>100</xmax>
            <ymax>192</ymax>
        </bndbox>
    </object>
    <object>
        <name>flying object</name>
        <pose>Unspecified</pose>
        <truncated>0</truncated>
        <difficult>0</difficult>
        <bndbox>
            <xmin>146</xmin>
            <ymin>127</ymin>
            <xmax>152</xmax>
            <ymax>132</ymax>
        </bndbox>
    </object>
</annotation>