<?xml version="1.0" ?><annotation>
    <folder>dataset</folder>
    <filename>12278.jpg</filename>
    <path>dataset/12278.jpg</path>
    <source>
        <database>None</database>
    </source>
    <size>
        <width>384</width>
        <height>288</height>
        <depth>3</depth>
    </size>
    <segmented>0</segmented>
    <object>
        <name>flying object</name>
        <pose>Unspecified</pose>
        <truncated>0</truncated>
        <difficult>0</difficult>
        <bndbox>
            <xmin>289</xmin>
            <ymin>221</ymin>
            <xmax>299</xmax>
            <ymax>227</ymax>
        </bndbox>
    </object>
</annotation>