<annotation>
	<folder>JPEGImages</folder>
	<filename>12907.jpg</filename>
	<path>D:\vehicle\vehicle\JPEGImages\12907.jpg</path>
	<source>
		<database>Unknown</database>
	</source>
	<size>
		<width>640</width>
		<height>512</height>
		<depth>1</depth>
	</size>
	<segmented>0</segmented>
	<object>
		<name>vehicle</name>
		<pose>Unspecified</pose>
		<truncated>0</truncated>
		<difficult>0</difficult>
		<bndbox>
			<xmin>411</xmin>
			<ymin>135</ymin>
			<xmax>450</xmax>
			<ymax>201</ymax>
		</bndbox>
	</object>
	<object>
		<name>vehicle</name>
		<pose>Unspecified</pose>
		<truncated>0</truncated>
		<difficult>0</difficult>
		<bndbox>
			<xmin>376</xmin>
			<ymin>264</ymin>
			<xmax>419</xmax>
			<ymax>338</ymax>
		</bndbox>
	</object>
	<object>
		<name>vehicle</name>
		<pose>Unspecified</pose>
		<truncated>0</truncated>
		<difficult>0</difficult>
		<bndbox>
			<xmin>387</xmin>
			<ymin>317</ymin>
			<xmax>455</xmax>
			<ymax>481</ymax>
		</bndbox>
	</object>
</annotation>
