<annotation>
  <folder>dataset</folder>
  <filename>13172.jpg</filename>
  <path>dataset/13172.jpg</path>
  <source>
    <database>Unknown</database>
  </source>
  <size>
    <width>640</width>
    <height>512</height>
    <depth>1</depth>
  </size>
  <segmented>0</segmented>
  <object>
    <name>vehicle</name>
    <pose>Unspecified</pose>
    <truncated>0</truncated>
    <difficult>0</difficult>
    <bndbox><xmin>276</xmin><ymin>25</ymin><xmax>307</xmax><ymax>87</ymax></bndbox></object>
  <object>
    <name>vehicle</name>
    <pose>Unspecified</pose>
    <truncated>0</truncated>
    <difficult>0</difficult>
    <bndbox><xmin>156</xmin><ymin>234</ymin><xmax>182</xmax><ymax>288</ymax></bndbox></object>
  <object>
    <name>vehicle</name>
    <pose>Unspecified</pose>
    <truncated>0</truncated>
    <difficult>0</difficult>
    <bndbox><xmin>197</xmin><ymin>369</ymin><xmax>237</xmax><ymax>503</ymax></bndbox></object>
</annotation>