<annotation>
  <folder>dataset</folder>
  <filename>13204.jpg</filename>
  <path>dataset/13204.jpg</path>
  <source>
    <database>Unknown</database>
  </source>
  <size>
    <width>640</width>
    <height>512</height>
    <depth>1</depth>
  </size>
  <segmented>0</segmented>
  <object>
    <name>vehicle</name>
    <pose>Unspecified</pose>
    <truncated>0</truncated>
    <difficult>0</difficult>
    <bndbox><xmin>612</xmin><ymin>42</ymin><xmax>639</xmax><ymax>95</ymax></bndbox></object>
</annotation>