<annotation>
	<folder>JPEGImages</folder>
	<filename>13358.jpg</filename>
	<path>F:\lam\vehicle\JPEGImages\13358.jpg</path>
	<source>
		<database>Unknown</database>
	</source>
	<size>
		<width>640</width>
		<height>512</height>
		<depth>1</depth>
	</size>
	<segmented>0</segmented>
	<object>
		<name>vehicle</name>
		<pose>Unspecified</pose>
		<truncated>0</truncated>
		<difficult>0</difficult>
		<bndbox>
			<xmin>115</xmin>
			<ymin>290</ymin>
			<xmax>157</xmax>
			<ymax>360</ymax>
		</bndbox>
	</object>
	<object>
		<name>vehicle</name>
		<pose>Unspecified</pose>
		<truncated>1</truncated>
		<difficult>0</difficult>
		<bndbox>
			<xmin>175</xmin>
			<ymin>1</ymin>
			<xmax>206</xmax>
			<ymax>18</ymax>
		</bndbox>
	</object>
</annotation>
