<annotation>
  <folder>dataset</folder>
  <filename>13402.jpg</filename>
  <path>dataset/13402.jpg</path>
  <source>
    <database>Unknown</database>
  </source>
  <size>
    <width>640</width>
    <height>512</height>
    <depth>1</depth>
  </size>
  <segmented>0</segmented>
  <object>
    <name>vehicle</name>
    <pose>Unspecified</pose>
    <truncated>0</truncated>
    <difficult>0</difficult>
    <bndbox><xmin>189</xmin><ymin>115</ymin><xmax>219</xmax><ymax>187</ymax></bndbox></object>
  <object>
    <name>vehicle</name>
    <pose>Unspecified</pose>
    <truncated>0</truncated>
    <difficult>0</difficult>
    <bndbox><xmin>222</xmin><ymin>303</ymin><xmax>250</xmax><ymax>372</ymax></bndbox></object>
</annotation>