<annotation>
  <folder>dataset</folder>
  <filename>13833.jpg</filename>
  <path>dataset/13833.jpg</path>
  <source>
    <database>Unknown</database>
  </source>
  <size>
    <width>640</width>
    <height>512</height>
    <depth>1</depth>
  </size>
  <segmented>0</segmented>
  <object>
    <name>vehicle</name>
    <pose>Unspecified</pose>
    <truncated>0</truncated>
    <difficult>0</difficult>
    <bndbox>
      <xmin>230</xmin>
      <ymin>172</ymin>
      <xmax>288</xmax>
      <ymax>197</ymax>
    </bndbox>
  </object>
  <object>
    <name>vehicle</name>
    <pose>Unspecified</pose>
    <truncated>0</truncated>
    <difficult>0</difficult>
    <bndbox>
      <xmin>255</xmin>
      <ymin>207</ymin>
      <xmax>304</xmax>
      <ymax>227</ymax>
    </bndbox>
  </object>
  <object>
    <name>vehicle</name>
    <pose>Unspecified</pose>
    <truncated>0</truncated>
    <difficult>0</difficult>
    <bndbox>
      <xmin>247</xmin>
      <ymin>312</ymin>
      <xmax>301</xmax>
      <ymax>340</ymax>
    </bndbox>
  </object>
  <object>
    <name>vehicle</name>
    <pose>Unspecified</pose>
    <truncated>0</truncated>
    <difficult>0</difficult>
    <bndbox>
      <xmin>248</xmin>
      <ymin>276</ymin>
      <xmax>294</xmax>
      <ymax>294</ymax>
    </bndbox>
  </object>
  <object>
    <name>vehicle</name>
    <pose>Unspecified</pose>
    <truncated>0</truncated>
    <difficult>0</difficult>
    <bndbox>
      <xmin>242</xmin>
      <ymin>242</ymin>
      <xmax>302</xmax>
      <ymax>262</ymax>
    </bndbox>
  </object>
  <object>
    <name>vehicle</name>
    <pose>Unspecified</pose>
    <truncated>0</truncated>
    <difficult>0</difficult>
    <bndbox>
      <xmin>160</xmin>
      <ymin>265</ymin>
      <xmax>184</xmax>
      <ymax>320</ymax>
    </bndbox>
  </object>
  <object>
    <name>vehicle</name>
    <pose>Unspecified</pose>
    <truncated>0</truncated>
    <difficult>0</difficult>
    <bndbox>
      <xmin>159</xmin>
      <ymin>205</ymin>
      <xmax>184</xmax>
      <ymax>255</ymax>
    </bndbox>
  </object>
  <object>
    <name>vehicle</name>
    <pose>Unspecified</pose>
    <truncated>0</truncated>
    <difficult>0</difficult>
    <bndbox>
      <xmin>58</xmin>
      <ymin>304</ymin>
      <xmax>79</xmax>
      <ymax>360</ymax>
    </bndbox>
  </object>
  <object>
    <name>vehicle</name>
    <pose>Unspecified</pose>
    <truncated>0</truncated>
    <difficult>0</difficult>
    <bndbox>
      <xmin>22</xmin>
      <ymin>307</ymin>
      <xmax>49</xmax>
      <ymax>366</ymax>
    </bndbox>
  </object>
  <object>
    <name>vehicle</name>
    <pose>Unspecified</pose>
    <truncated>0</truncated>
    <difficult>0</difficult>
    <bndbox>
      <xmin>378</xmin>
      <ymin>167</ymin>
      <xmax>438</xmax>
      <ymax>192</ymax>
    </bndbox>
  </object>
  <object>
    <name>vehicle</name>
    <pose>Unspecified</pose>
    <truncated>0</truncated>
    <difficult>0</difficult>
    <bndbox>
      <xmin>372</xmin>
      <ymin>204</ymin>
      <xmax>430</xmax>
      <ymax>229</ymax>
    </bndbox>
  </object>
  <object>
    <name>vehicle</name>
    <pose>Unspecified</pose>
    <truncated>0</truncated>
    <difficult>0</difficult>
    <bndbox>
      <xmin>370</xmin>
      <ymin>239</ymin>
      <xmax>428</xmax>
      <ymax>263</ymax>
    </bndbox>
  </object>
  <object>
    <name>vehicle</name>
    <pose>Unspecified</pose>
    <truncated>0</truncated>
    <difficult>0</difficult>
    <bndbox>
      <xmin>378</xmin>
      <ymin>278</ymin>
      <xmax>436</xmax>
      <ymax>303</ymax>
    </bndbox>
  </object>
  <object>
    <name>vehicle</name>
    <pose>Unspecified</pose>
    <truncated>0</truncated>
    <difficult>0</difficult>
    <bndbox>
      <xmin>365</xmin>
      <ymin>324</ymin>
      <xmax>417</xmax>
      <ymax>344</ymax>
    </bndbox>
  </object>
  <object>
    <name>vehicle</name>
    <pose>Unspecified</pose>
    <truncated>0</truncated>
    <difficult>0</difficult>
    <bndbox>
      <xmin>367</xmin>
      <ymin>354</ymin>
      <xmax>427</xmax>
      <ymax>380</ymax>
    </bndbox>
  </object>
  <object>
    <name>vehicle</name>
    <pose>Unspecified</pose>
    <truncated>0</truncated>
    <difficult>0</difficult>
    <bndbox><xmin>485</xmin><ymin>334</ymin><xmax>514</xmax><ymax>383</ymax></bndbox></object>
  <object>
    <name>vehicle</name>
    <pose>Unspecified</pose>
    <truncated>0</truncated>
    <difficult>0</difficult>
    <bndbox><xmin>486</xmin><ymin>240</ymin><xmax>506</xmax><ymax>300</ymax></bndbox></object>
  <object>
    <name>vehicle</name>
    <pose>Unspecified</pose>
    <truncated>0</truncated>
    <difficult>0</difficult>
    <bndbox><xmin>379</xmin><ymin>29</ymin><xmax>431</xmax><ymax>40</ymax></bndbox></object>
  <object>
    <name>vehicle</name>
    <pose>Unspecified</pose>
    <truncated>0</truncated>
    <difficult>0</difficult>
    <bndbox><xmin>426</xmin><ymin>0</ymin><xmax>476</xmax><ymax>11</ymax></bndbox></object>
  </annotation>