<annotation>
  <folder>dataset</folder>
  <filename>14147.jpg</filename>
  <path>dataset/14147.jpg</path>
  <source>
    <database>Unknown</database>
  </source>
  <size>
    <width>640</width>
    <height>512</height>
    <depth>1</depth>
  </size>
  <segmented>0</segmented>
  <object>
    <name>vehicle</name>
    <pose>Unspecified</pose>
    <truncated>0</truncated>
    <difficult>0</difficult>
    <bndbox><xmin>10</xmin><ymin>102</ymin><xmax>68</xmax><ymax>125</ymax></bndbox></object>
  <object>
    <name>vehicle</name>
    <pose>Unspecified</pose>
    <truncated>0</truncated>
    <difficult>0</difficult>
    <bndbox><xmin>11</xmin><ymin>154</ymin><xmax>76</xmax><ymax>173</ymax></bndbox></object>
  <object>
    <name>vehicle</name>
    <pose>Unspecified</pose>
    <truncated>0</truncated>
    <difficult>0</difficult>
    <bndbox><xmin>11</xmin><ymin>218</ymin><xmax>69</xmax><ymax>232</ymax></bndbox></object>
  <object>
    <name>vehicle</name>
    <pose>Unspecified</pose>
    <truncated>0</truncated>
    <difficult>0</difficult>
    <bndbox><xmin>9</xmin><ymin>294</ymin><xmax>68</xmax><ymax>306</ymax></bndbox></object>
  <object>
    <name>vehicle</name>
    <pose>Unspecified</pose>
    <truncated>0</truncated>
    <difficult>0</difficult>
    <bndbox><xmin>0</xmin><ymin>323</ymin><xmax>58</xmax><ymax>345</ymax></bndbox></object>
  <object>
    <name>vehicle</name>
    <pose>Unspecified</pose>
    <truncated>0</truncated>
    <difficult>0</difficult>
    <bndbox><xmin>0</xmin><ymin>374</ymin><xmax>59</xmax><ymax>389</ymax></bndbox></object>
  <object>
    <name>vehicle</name>
    <pose>Unspecified</pose>
    <truncated>0</truncated>
    <difficult>0</difficult>
    <bndbox><xmin>2</xmin><ymin>424</ymin><xmax>62</xmax><ymax>449</ymax></bndbox></object>
  <object>
    <name>vehicle</name>
    <pose>Unspecified</pose>
    <truncated>0</truncated>
    <difficult>0</difficult>
    <bndbox>
      <xmin>543</xmin>
      <ymin>442</ymin>
      <xmax>576</xmax>
      <ymax>501</ymax>
    </bndbox>
  </object>
</annotation>