<annotation>
  <folder>dataset</folder>
  <filename>14231.jpg</filename>
  <path>dataset/14231.jpg</path>
  <source>
    <database>Unknown</database>
  </source>
  <size>
    <width>640</width>
    <height>512</height>
    <depth>1</depth>
  </size>
  <segmented>0</segmented>
  <object>
    <name>vehicle</name>
    <pose>Unspecified</pose>
    <truncated>0</truncated>
    <difficult>0</difficult>
    <bndbox>
      <xmin>255</xmin>
      <ymin>22</ymin>
      <xmax>283</xmax>
      <ymax>82</ymax>
    </bndbox>
  </object>
  <object>
    <name>vehicle</name>
    <pose>Unspecified</pose>
    <truncated>0</truncated>
    <difficult>0</difficult>
    <bndbox>
      <xmin>453</xmin>
      <ymin>303</ymin>
      <xmax>483</xmax>
      <ymax>364</ymax>
    </bndbox>
  </object>
  <object>
    <name>vehicle</name>
    <pose>Unspecified</pose>
    <truncated>0</truncated>
    <difficult>0</difficult>
    <bndbox>
      <xmin>403</xmin>
      <ymin>453</ymin>
      <xmax>434</xmax>
      <ymax>511</ymax>
    </bndbox>
  </object>
</annotation>