<annotation>
  <folder>dataset</folder>
  <filename>14392.jpg</filename>
  <path>dataset/14392.jpg</path>
  <source>
    <database>Unknown</database>
  </source>
  <size>
    <width>640</width>
    <height>512</height>
    <depth>1</depth>
  </size>
  <segmented>0</segmented>
  <object>
    <name>vehicle</name>
    <pose>Unspecified</pose>
    <truncated>0</truncated>
    <difficult>0</difficult>
    <bndbox><xmin>40</xmin><ymin>50</ymin><xmax>150</xmax><ymax>110</ymax></bndbox></object>
  <object>
    <name>vehicle</name>
    <pose>Unspecified</pose>
    <truncated>0</truncated>
    <difficult>0</difficult>
    <bndbox><xmin>100</xmin><ymin>252</ymin><xmax>144</xmax><ymax>387</ymax></bndbox></object>
</annotation>