<annotation>
  <folder>dataset</folder>
  <filename>14806.jpg</filename>
  <path>dataset/14806.jpg</path>
  <source>
    <database>Unknown</database>
  </source>
  <size>
    <width>640</width>
    <height>512</height>
    <depth>1</depth>
  </size>
  <segmented>0</segmented>
  <object>
    <name>vehicle</name>
    <pose>Unspecified</pose>
    <truncated>0</truncated>
    <difficult>0</difficult>
    <bndbox><xmin>82</xmin><ymin>188</ymin><xmax>103</xmax><ymax>248</ymax></bndbox></object>
  <object>
    <name>vehicle</name>
    <pose>Unspecified</pose>
    <truncated>0</truncated>
    <difficult>0</difficult>
    <bndbox><xmin>234</xmin><ymin>335</ymin><xmax>274</xmax><ymax>371</ymax></bndbox></object>
  <object>
    <name>vehicle</name>
    <pose>Unspecified</pose>
    <truncated>0</truncated>
    <difficult>0</difficult>
    <bndbox><xmin>363</xmin><ymin>303</ymin><xmax>390</xmax><ymax>357</ymax></bndbox></object>
  <object>
    <name>vehicle</name>
    <pose>Unspecified</pose>
    <truncated>0</truncated>
    <difficult>0</difficult>
    <bndbox><xmin>393</xmin><ymin>317</ymin><xmax>430</xmax><ymax>367</ymax></bndbox></object>
  <object>
    <name>vehicle</name>
    <pose>Unspecified</pose>
    <truncated>0</truncated>
    <difficult>0</difficult>
    <bndbox><xmin>454</xmin><ymin>309</ymin><xmax>463</xmax><ymax>370</ymax></bndbox></object>
  <object>
    <name>vehicle</name>
    <pose>Unspecified</pose>
    <truncated>0</truncated>
    <difficult>0</difficult>
    <bndbox><xmin>244</xmin><ymin>402</ymin><xmax>310</xmax><ymax>430</ymax></bndbox></object>
  <object>
    <name>vehicle</name>
    <pose>Unspecified</pose>
    <truncated>0</truncated>
    <difficult>0</difficult>
    <bndbox><xmin>31</xmin><ymin>484</ymin><xmax>87</xmax><ymax>508</ymax></bndbox></object>
</annotation>