<annotation>
  <folder>dataset</folder>
  <filename>15107.jpg</filename>
  <path>dataset/15107.jpg</path>
  <source>
    <database>Unknown</database>
  </source>
  <size>
    <width>640</width>
    <height>512</height>
    <depth>1</depth>
  </size>
  <segmented>0</segmented>
  <object>
    <name>vehicle</name>
    <pose>Unspecified</pose>
    <truncated>0</truncated>
    <difficult>0</difficult>
    <bndbox><xmin>422</xmin><ymin>189</ymin><xmax>449</xmax><ymax>244</ymax></bndbox></object>
  <object>
    <name>vehicle</name>
    <pose>Unspecified</pose>
    <truncated>0</truncated>
    <difficult>0</difficult>
    <bndbox><xmin>144</xmin><ymin>392</ymin><xmax>207</xmax><ymax>425</ymax></bndbox></object>
  <object>
    <name>vehicle</name>
    <pose>Unspecified</pose>
    <truncated>0</truncated>
    <difficult>0</difficult>
    <bndbox><xmin>127</xmin><ymin>438</ymin><xmax>204</xmax><ymax>472</ymax></bndbox></object>
  <object>
    <name>vehicle</name>
    <pose>Unspecified</pose>
    <truncated>0</truncated>
    <difficult>0</difficult>
    <bndbox><xmin>394</xmin><ymin>274</ymin><xmax>457</xmax><ymax>306</ymax></bndbox></object>
  <object>
    <name>vehicle</name>
    <pose>Unspecified</pose>
    <truncated>0</truncated>
    <difficult>0</difficult>
    <bndbox>
      <xmin>451</xmin>
      <ymin>324</ymin>
      <xmax>507</xmax>
      <ymax>350</ymax>
    </bndbox>
  </object>
</annotation>