<annotation verified="yes">
	<folder>JPEGImages</folder>
	<filename>16208.jpg</filename>
	<path>D:\labelimg\vehicle\vehicle\JPEGImages\16208.jpg</path>
	<source>
		<database>Unknown</database>
	</source>
	<size>
		<width>640</width>
		<height>512</height>
		<depth>1</depth>
	</size>
	<segmented>0</segmented>
	<object>
		<name>vehicle</name>
		<pose>Unspecified</pose>
		<truncated>0</truncated>
		<difficult>0</difficult>
		<bndbox>
			<xmin>218</xmin>
			<ymin>344</ymin>
			<xmax>248</xmax>
			<ymax>410</ymax>
		</bndbox>
	</object>
	<object>
		<name>vehicle</name>
		<pose>Unspecified</pose>
		<truncated>1</truncated>
		<difficult>0</difficult>
		<bndbox>
			<xmin>201</xmin>
			<ymin>1</ymin>
			<xmax>220</xmax>
			<ymax>13</ymax>
		</bndbox>
	</object>
</annotation>
