<annotation>
	<folder>JPEGImages</folder>
	<filename>16383.jpg</filename>
	<path>D:\datasets\vehicle\JPEGImages\16383.jpg</path>
	<source>
		<database>Unknown</database>
	</source>
	<size>
		<width>640</width>
		<height>512</height>
		<depth>1</depth>
	</size>
	<segmented>0</segmented>
	<object>
		<name>vehicle</name>
		<pose>Unspecified</pose>
		<truncated>0</truncated>
		<difficult>0</difficult>
		<bndbox>
			<xmin>63</xmin>
			<ymin>79</ymin>
			<xmax>290</xmax>
			<ymax>113</ymax>
		</bndbox>
	</object>
	<object>
		<name>vehicle</name>
		<pose>Unspecified</pose>
		<truncated>0</truncated>
		<difficult>0</difficult>
		<bndbox>
			<xmin>401</xmin>
			<ymin>62</ymin>
			<xmax>570</xmax>
			<ymax>92</ymax>
		</bndbox>
	</object>
</annotation>
