<annotation>
	<folder>JPEGImages</folder>
	<filename>16988.jpg</filename>
	<path>D:\labelimg\vehicle\vehicle\JPEGImages\16988.jpg</path>
	<source>
		<database>Unknown</database>
	</source>
	<size>
		<width>640</width>
		<height>512</height>
		<depth>1</depth>
	</size>
	<segmented>0</segmented>
	<object>
		<name>vehicle</name>
		<pose>Unspecified</pose>
		<truncated>1</truncated>
		<difficult>0</difficult>
		<bndbox>
			<xmin>511</xmin>
			<ymin>1</ymin>
			<xmax>544</xmax>
			<ymax>53</ymax>
		</bndbox>
	</object>
</annotation>
