<annotation verified="yes">
	<folder>JPEGImages</folder>
	<filename>17102.jpg</filename>
	<path>D:\WannaCry\yolo\infobj_voc\JPEGImages\17102.jpg</path>
	<source>
		<database>Unknown</database>
	</source>
	<size>
		<width>640</width>
		<height>512</height>
		<depth>1</depth>
	</size>
	<segmented>0</segmented>
	<object>
		<name>vehicle</name>
		<pose>Unspecified</pose>
		<truncated>1</truncated>
		<difficult>0</difficult>
		<bndbox>
			<xmin>609</xmin>
			<ymin>49</ymin>
			<xmax>640</xmax>
			<ymax>74</ymax>
		</bndbox>
	</object>
	<object>
		<name>vehicle</name>
		<pose>Unspecified</pose>
		<truncated>1</truncated>
		<difficult>0</difficult>
		<bndbox>
			<xmin>601</xmin>
			<ymin>93</ymin>
			<xmax>640</xmax>
			<ymax>116</ymax>
		</bndbox>
	</object>
	<object>
		<name>vehicle</name>
		<pose>Unspecified</pose>
		<truncated>0</truncated>
		<difficult>0</difficult>
		<bndbox>
			<xmin>348</xmin>
			<ymin>445</ymin>
			<xmax>418</xmax>
			<ymax>492</ymax>
		</bndbox>
	</object>
</annotation>
