<annotation verified="yes">
	<folder>JPEGImages</folder>
	<filename>17116.jpg</filename>
	<path>D:\labelimg\vehicle\vehicle\JPEGImages\17116.jpg</path>
	<source>
		<database>Unknown</database>
	</source>
	<size>
		<width>640</width>
		<height>512</height>
		<depth>1</depth>
	</size>
	<segmented>0</segmented>
	<object>
		<name>vehicle</name>
		<pose>Unspecified</pose>
		<truncated>0</truncated>
		<difficult>0</difficult>
		<bndbox>
			<xmin>35</xmin>
			<ymin>61</ymin>
			<xmax>99</xmax>
			<ymax>87</ymax>
		</bndbox>
	</object>
	<object>
		<name>vehicle</name>
		<pose>Unspecified</pose>
		<truncated>0</truncated>
		<difficult>0</difficult>
		<bndbox>
			<xmin>280</xmin>
			<ymin>232</ymin>
			<xmax>488</xmax>
			<ymax>273</ymax>
		</bndbox>
	</object>
	<object>
		<name>vehicle</name>
		<pose>Unspecified</pose>
		<truncated>0</truncated>
		<difficult>0</difficult>
		<bndbox>
			<xmin>346</xmin>
			<ymin>287</ymin>
			<xmax>478</xmax>
			<ymax>325</ymax>
		</bndbox>
	</object>
	<object>
		<name>vehicle</name>
		<pose>Unspecified</pose>
		<truncated>0</truncated>
		<difficult>0</difficult>
		<bndbox>
			<xmin>278</xmin>
			<ymin>396</ymin>
			<xmax>491</xmax>
			<ymax>440</ymax>
		</bndbox>
	</object>
</annotation>
