<annotation verified="yes">
	<folder>JPEGImages</folder>
	<filename>17300.jpg</filename>
	<path>D:\labelimg\vehicle\vehicle\JPEGImages\17300.jpg</path>
	<source>
		<database>Unknown</database>
	</source>
	<size>
		<width>640</width>
		<height>512</height>
		<depth>1</depth>
	</size>
	<segmented>0</segmented>
	<object>
		<name>vehicle</name>
		<pose>Unspecified</pose>
		<truncated>0</truncated>
		<difficult>0</difficult>
		<bndbox>
			<xmin>486</xmin>
			<ymin>85</ymin>
			<xmax>536</xmax>
			<ymax>109</ymax>
		</bndbox>
	</object>
	<object>
		<name>vehicle</name>
		<pose>Unspecified</pose>
		<truncated>0</truncated>
		<difficult>0</difficult>
		<bndbox>
			<xmin>405</xmin>
			<ymin>414</ymin>
			<xmax>461</xmax>
			<ymax>439</ymax>
		</bndbox>
	</object>
</annotation>
