<annotation verified="yes">
	<folder>JPEGImages</folder>
	<filename>17314.jpg</filename>
	<path>D:\labelimg\vehicle\vehicle\JPEGImages\17314.jpg</path>
	<source>
		<database>Unknown</database>
	</source>
	<size>
		<width>640</width>
		<height>512</height>
		<depth>1</depth>
	</size>
	<segmented>0</segmented>
	<object>
		<name>vehicle</name>
		<pose>Unspecified</pose>
		<truncated>0</truncated>
		<difficult>0</difficult>
		<bndbox>
			<xmin>53</xmin>
			<ymin>76</ymin>
			<xmax>114</xmax>
			<ymax>128</ymax>
		</bndbox>
	</object>
	<object>
		<name>vehicle</name>
		<pose>Unspecified</pose>
		<truncated>1</truncated>
		<difficult>0</difficult>
		<bndbox>
			<xmin>471</xmin>
			<ymin>479</ymin>
			<xmax>640</xmax>
			<ymax>510</ymax>
		</bndbox>
	</object>
</annotation>
