<annotation verified="yes">
	<folder>JPEGImages</folder>
	<filename>17328.jpg</filename>
	<path>D:\labelimg\vehicle\vehicle\JPEGImages\17328.jpg</path>
	<source>
		<database>Unknown</database>
	</source>
	<size>
		<width>640</width>
		<height>512</height>
		<depth>1</depth>
	</size>
	<segmented>0</segmented>
	<object>
		<name>vehicle</name>
		<pose>Unspecified</pose>
		<truncated>0</truncated>
		<difficult>0</difficult>
		<bndbox>
			<xmin>278</xmin>
			<ymin>111</ymin>
			<xmax>303</xmax>
			<ymax>168</ymax>
		</bndbox>
	</object>
	<object>
		<name>vehicle</name>
		<pose>Unspecified</pose>
		<truncated>0</truncated>
		<difficult>0</difficult>
		<bndbox>
			<xmin>408</xmin>
			<ymin>123</ymin>
			<xmax>432</xmax>
			<ymax>178</ymax>
		</bndbox>
	</object>
	<object>
		<name>vehicle</name>
		<pose>Unspecified</pose>
		<truncated>0</truncated>
		<difficult>0</difficult>
		<bndbox>
			<xmin>249</xmin>
			<ymin>298</ymin>
			<xmax>286</xmax>
			<ymax>513</ymax>
		</bndbox>
	</object>
</annotation>
