<annotation>
	<folder>JPEGImages</folder>
	<filename>31270.jpg</filename>
	<path>/Users/liushijie/Documents/1-科研文件夹/数据集/voc&amp;coco/watercraft/JPEGImages/31270.jpg</path>
	<source>
		<database>Unknown</database>
	</source>
	<size>
		<width>384</width>
		<height>288</height>
		<depth>1</depth>
	</size>
	<segmented>0</segmented>
	<object>
		<name>watercraft</name>
		<pose>Unspecified</pose>
		<truncated>0</truncated>
		<difficult>0</difficult>
		<bndbox>
			<xmin>44</xmin>
			<ymin>131</ymin>
			<xmax>238</xmax>
			<ymax>219</ymax>
		</bndbox>
	</object>
</annotation>
