<annotation>
	<folder>JPEGImages</folder>
	<filename>31310.jpg</filename>
	<path>/Users/liushijie/Documents/1-科研文件夹/数据集/voc&amp;coco/watercraft/JPEGImages/31310.jpg</path>
	<source>
		<database>Unknown</database>
	</source>
	<size>
		<width>384</width>
		<height>288</height>
		<depth>1</depth>
	</size>
	<segmented>0</segmented>
	<object>
		<name>watercraft</name>
		<pose>Unspecified</pose>
		<truncated>0</truncated>
		<difficult>0</difficult>
		<bndbox>
			<xmin>81</xmin>
			<ymin>190</ymin>
			<xmax>197</xmax>
			<ymax>216</ymax>
		</bndbox>
	</object>
</annotation>
