<?xml version="1.0" ?><annotation>
	<folder>dataset</folder>
	<filename>31700.jpg</filename>
	<path>dataset/31700.jpg</path>
	<source>
		<database>Unknown</database>
	</source>
	<size>
		<width>384</width>
		<height>288</height>
		<depth>1</depth>
	</size>
	<segmented>0</segmented>
	<object>
		<name>watercraft</name>
		<pose>Unspecified</pose>
		<truncated>0</truncated>
		<difficult>0</difficult>
		<bndbox>
			<xmin>222</xmin>
			<ymin>179</ymin>
			<xmax>248</xmax>
			<ymax>190</ymax>
		</bndbox>
	</object>
	<object>
		<name>watercraft</name>
		<pose>Unspecified</pose>
		<truncated>0</truncated>
		<difficult>0</difficult>
		<bndbox>
			<xmin>347</xmin>
			<ymin>192</ymin>
			<xmax>370</xmax>
			<ymax>203</ymax>
		</bndbox>
	</object>
</annotation>