<?xml version="1.0" ?><annotation>
	<folder>dataset</folder>
	<filename>31728.jpg</filename>
	<path>dataset/31728.jpg</path>
	<source>
		<database>Unknown</database>
	</source>
	<size>
		<width>384</width>
		<height>288</height>
		<depth>1</depth>
	</size>
	<segmented>0</segmented>
	<object>
		<name>watercraft</name>
		<pose>Unspecified</pose>
		<truncated>1</truncated>
		<difficult>0</difficult>
		<bndbox>
			<xmin>295</xmin>
			<ymin>164</ymin>
			<xmax>384</xmax>
			<ymax>191</ymax>
		</bndbox>
	</object>
</annotation>