<?xml version="1.0" ?><annotation>
	<folder>dataset</folder>
	<filename>31927.jpg</filename>
	<path>dataset/31927.jpg</path>
	<source>
		<database>Unknown</database>
	</source>
	<size>
		<width>384</width>
		<height>288</height>
		<depth>1</depth>
	</size>
	<segmented>0</segmented>
	<object>
		<name>watercraft</name>
		<pose>Unspecified</pose>
		<truncated>0</truncated>
		<difficult>0</difficult>
		<bndbox>
			<xmin>257</xmin>
			<ymin>157</ymin>
			<xmax>277</xmax>
			<ymax>166</ymax>
		</bndbox>
	</object>
	<object>
		<name>watercraft</name>
		<pose>Unspecified</pose>
		<truncated>0</truncated>
		<difficult>0</difficult>
		<bndbox>
			<xmin>337</xmin>
			<ymin>157</ymin>
			<xmax>342</xmax>
			<ymax>160</ymax>
		</bndbox>
	</object>
</annotation>