<?xml version="1.0" ?><annotation>
	<folder>dataset</folder>
	<filename>32547.jpg</filename>
	<path>dataset/32547.jpg</path>
	<source>
		<database>Unknown</database>
	</source>
	<size>
		<width>384</width>
		<height>288</height>
		<depth>1</depth>
	</size>
	<segmented>0</segmented>
	<object>
		<name>watercraft</name>
		<pose>Unspecified</pose>
		<truncated>0</truncated>
		<difficult>0</difficult>
		<bndbox>
			<xmin>8</xmin>
			<ymin>170</ymin>
			<xmax>48</xmax>
			<ymax>187</ymax>
		</bndbox>
	</object>
	<object>
		<name>watercraft</name>
		<pose>Unspecified</pose>
		<truncated>0</truncated>
		<difficult>0</difficult>
		<bndbox>
			<xmin>200</xmin>
			<ymin>160</ymin>
			<xmax>227</xmax>
			<ymax>175</ymax>
		</bndbox>
	</object>
</annotation>