<?xml version="1.0" ?><annotation>
	<folder>dataset</folder>
	<filename>32584.jpg</filename>
	<path>dataset/32584.jpg</path>
	<source>
		<database>Unknown</database>
	</source>
	<size>
		<width>384</width>
		<height>288</height>
		<depth>1</depth>
	</size>
	<segmented>0</segmented>
	<object>
		<name>watercraft</name>
		<pose>Unspecified</pose>
		<truncated>0</truncated>
		<difficult>0</difficult>
		<bndbox>
			<xmin>12</xmin>
			<ymin>148</ymin>
			<xmax>133</xmax>
			<ymax>192</ymax>
		</bndbox>
	</object>
	<object>
		<name>watercraft</name>
		<pose>Unspecified</pose>
		<truncated>0</truncated>
		<difficult>0</difficult>
		<bndbox>
			<xmin>170</xmin>
			<ymin>130</ymin>
			<xmax>308</xmax>
			<ymax>157</ymax>
		</bndbox>
	</object>
</annotation>