<?xml version="1.0" ?><annotation>
	<folder>dataset</folder>
	<filename>32590.jpg</filename>
	<path>dataset/32590.jpg</path>
	<source>
		<database>Unknown</database>
	</source>
	<size>
		<width>384</width>
		<height>288</height>
		<depth>1</depth>
	</size>
	<segmented>0</segmented>
	<object>
		<name>watercraft</name>
		<pose>Unspecified</pose>
		<truncated>0</truncated>
		<difficult>0</difficult>
		<bndbox>
			<xmin>194</xmin>
			<ymin>129</ymin>
			<xmax>296</xmax>
			<ymax>163</ymax>
		</bndbox>
	</object>
</annotation>