<?xml version="1.0" ?><annotation>
	<folder>dataset</folder>
	<filename>33077.jpg</filename>
	<path>dataset/33077.jpg</path>
	<source>
		<database>Unknown</database>
	</source>
	<size>
		<width>384</width>
		<height>288</height>
		<depth>1</depth>
	</size>
	<segmented>0</segmented>
	<object>
		<name>watercraft</name>
		<pose>Unspecified</pose>
		<truncated>0</truncated>
		<difficult>0</difficult>
		<bndbox>
			<xmin>172</xmin>
			<ymin>132</ymin>
			<xmax>250</xmax>
			<ymax>152</ymax>
		</bndbox>
	</object>
	<object>
		<name>watercraft</name>
		<pose>Unspecified</pose>
		<truncated>0</truncated>
		<difficult>0</difficult>
		<bndbox>
			<xmin>245</xmin>
			<ymin>130</ymin>
			<xmax>271</xmax>
			<ymax>147</ymax>
		</bndbox>
	</object>
</annotation>