<?xml version="1.0" ?><annotation>
	<folder>dataset</folder>
	<filename>33088.jpg</filename>
	<path>dataset/33088.jpg</path>
	<source>
		<database>Unknown</database>
	</source>
	<size>
		<width>384</width>
		<height>288</height>
		<depth>1</depth>
	</size>
	<segmented>0</segmented>
	<object>
		<name>watercraft</name>
		<pose>Unspecified</pose>
		<truncated>0</truncated>
		<difficult>0</difficult>
		<bndbox>
			<xmin>155</xmin>
			<ymin>155</ymin>
			<xmax>169</xmax>
			<ymax>164</ymax>
		</bndbox>
	</object>
	<object>
		<name>watercraft</name>
		<pose>Unspecified</pose>
		<truncated>1</truncated>
		<difficult>0</difficult>
		<bndbox>
			<xmin>1</xmin>
			<ymin>157</ymin>
			<xmax>106</xmax>
			<ymax>193</ymax>
		</bndbox>
	</object>
	<object>
		<name>watercraft</name>
		<pose>Unspecified</pose>
		<truncated>0</truncated>
		<difficult>0</difficult>
		<bndbox>
			<xmin>267</xmin>
			<ymin>163</ymin>
			<xmax>337</xmax>
			<ymax>183</ymax>
		</bndbox>
	</object>
</annotation>