<?xml version="1.0" ?><annotation>
	<folder>dataset</folder>
	<filename>33249.jpg</filename>
	<path>dataset/33249.jpg</path>
	<source>
		<database>Unknown</database>
	</source>
	<size>
		<width>384</width>
		<height>288</height>
		<depth>1</depth>
	</size>
	<segmented>0</segmented>
	<object>
		<name>watercraft</name>
		<pose>Unspecified</pose>
		<truncated>1</truncated>
		<difficult>0</difficult>
		<bndbox>
			<xmin>1</xmin>
			<ymin>118</ymin>
			<xmax>79</xmax>
			<ymax>152</ymax>
		</bndbox>
	</object>
	<object>
		<name>watercraft</name>
		<pose>Unspecified</pose>
		<truncated>0</truncated>
		<difficult>0</difficult>
		<bndbox>
			<xmin>297</xmin>
			<ymin>132</ymin>
			<xmax>377</xmax>
			<ymax>157</ymax>
		</bndbox>
	</object>
</annotation>