<?xml version="1.0" ?><annotation>
	<folder>dataset</folder>
	<filename>33275.jpg</filename>
	<path>dataset/33275.jpg</path>
	<source>
		<database>Unknown</database>
	</source>
	<size>
		<width>384</width>
		<height>288</height>
		<depth>1</depth>
	</size>
	<segmented>0</segmented>
	<object>
		<name>watercraft</name>
		<pose>Unspecified</pose>
		<truncated>0</truncated>
		<difficult>0</difficult>
		<bndbox>
			<xmin>166</xmin>
			<ymin>111</ymin>
			<xmax>261</xmax>
			<ymax>131</ymax>
		</bndbox>
	</object>
</annotation>