<annotation>
	<folder>JPEGImages</folder>
	<filename>33739.jpg</filename>
	<path>/Users/liushijie/Documents/1-科研文件夹/数据集/voc&amp;coco/watercraft/JPEGImages/33739.jpg</path>
	<source>
		<database>Unknown</database>
	</source>
	<size>
		<width>384</width>
		<height>288</height>
		<depth>1</depth>
	</size>
	<segmented>0</segmented>
	<object>
		<name>watercraft</name>
		<pose>Unspecified</pose>
		<truncated>0</truncated>
		<difficult>0</difficult>
		<bndbox>
			<xmin>180</xmin>
			<ymin>106</ymin>
			<xmax>342</xmax>
			<ymax>141</ymax>
		</bndbox>
	</object>
	<object>
		<name>watercraft</name>
		<pose>Unspecified</pose>
		<truncated>1</truncated>
		<difficult>0</difficult>
		<bndbox>
			<xmin>1</xmin>
			<ymin>121</ymin>
			<xmax>22</xmax>
			<ymax>144</ymax>
		</bndbox>
	</object>
</annotation>
