<?xml version="1.0" ?><annotation>
	<folder>dataset</folder>
	<filename>33922.jpg</filename>
	<path>dataset/33922.jpg</path>
	<source>
		<database>Unknown</database>
	</source>
	<size>
		<width>384</width>
		<height>288</height>
		<depth>1</depth>
	</size>
	<segmented>0</segmented>
	<object>
		<name>watercraft</name>
		<pose>Unspecified</pose>
		<truncated>1</truncated>
		<difficult>0</difficult>
		<bndbox>
			<xmin>1</xmin>
			<ymin>133</ymin>
			<xmax>109</xmax>
			<ymax>173</ymax>
		</bndbox>
	</object>
	<object>
		<name>watercraft</name>
		<pose>Unspecified</pose>
		<truncated>1</truncated>
		<difficult>0</difficult>
		<bndbox>
			<xmin>293</xmin>
			<ymin>140</ymin>
			<xmax>384</xmax>
			<ymax>166</ymax>
		</bndbox>
	</object>
</annotation>