<annotation>
	<folder>JPEGImages</folder>
	<filename>33936.jpg</filename>
	<path>/Users/liushijie/Documents/1-科研文件夹/数据集/voc&amp;coco/watercraft/JPEGImages/33936.jpg</path>
	<source>
		<database>Unknown</database>
	</source>
	<size>
		<width>384</width>
		<height>288</height>
		<depth>1</depth>
	</size>
	<segmented>0</segmented>
	<object>
		<name>watercraft</name>
		<pose>Unspecified</pose>
		<truncated>0</truncated>
		<difficult>0</difficult>
		<bndbox>
			<xmin>222</xmin>
			<ymin>128</ymin>
			<xmax>284</xmax>
			<ymax>163</ymax>
		</bndbox>
	</object>
	<object>
		<name>watercraft</name>
		<pose>Unspecified</pose>
		<truncated>1</truncated>
		<difficult>0</difficult>
		<bndbox>
			<xmin>1</xmin>
			<ymin>134</ymin>
			<xmax>165</xmax>
			<ymax>171</ymax>
		</bndbox>
	</object>
	<object>
		<name>watercraft</name>
		<pose>Unspecified</pose>
		<truncated>1</truncated>
		<difficult>0</difficult>
		<bndbox>
			<xmin>1</xmin>
			<ymin>129</ymin>
			<xmax>78</xmax>
			<ymax>157</ymax>
		</bndbox>
	</object>
</annotation>
