<?xml version="1.0" ?><annotation>
	<folder>dataset</folder>
	<filename>34056.jpg</filename>
	<path>dataset/34056.jpg</path>
	<source>
		<database>Unknown</database>
	</source>
	<size>
		<width>384</width>
		<height>288</height>
		<depth>1</depth>
	</size>
	<segmented>0</segmented>
	<object>
		<name>watercraft</name>
		<pose>Unspecified</pose>
		<truncated>1</truncated>
		<difficult>0</difficult>
		<bndbox>
			<xmin>1</xmin>
			<ymin>159</ymin>
			<xmax>191</xmax>
			<ymax>215</ymax>
		</bndbox>
	</object>
	<object>
		<name>watercraft</name>
		<pose>Unspecified</pose>
		<truncated>1</truncated>
		<difficult>0</difficult>
		<bndbox>
			<xmin>287</xmin>
			<ymin>151</ymin>
			<xmax>384</xmax>
			<ymax>208</ymax>
		</bndbox>
	</object>
	<object>
		<name>watercraft</name>
		<pose>Unspecified</pose>
		<truncated>0</truncated>
		<difficult>0</difficult>
		<bndbox>
			<xmin>128</xmin>
			<ymin>149</ymin>
			<xmax>272</xmax>
			<ymax>181</ymax>
		</bndbox>
	</object>
</annotation>