<?xml version="1.0" ?><annotation>
	<folder>dataset</folder>
	<filename>34532.jpg</filename>
	<path>dataset/34532.jpg</path>
	<source>
		<database>Unknown</database>
	</source>
	<size>
		<width>384</width>
		<height>288</height>
		<depth>1</depth>
	</size>
	<segmented>0</segmented>
	<object>
		<name>watercraft</name>
		<pose>Unspecified</pose>
		<truncated>1</truncated>
		<difficult>0</difficult>
		<bndbox>
			<xmin>1</xmin>
			<ymin>155</ymin>
			<xmax>45</xmax>
			<ymax>195</ymax>
		</bndbox>
	</object>
	<object>
		<name>watercraft</name>
		<pose>Unspecified</pose>
		<truncated>0</truncated>
		<difficult>0</difficult>
		<bndbox>
			<xmin>222</xmin>
			<ymin>170</ymin>
			<xmax>381</xmax>
			<ymax>210</ymax>
		</bndbox>
	</object>
</annotation>