<?xml version="1.0" ?><annotation>
	<folder>dataset</folder>
	<filename>34644.jpg</filename>
	<path>dataset/34644.jpg</path>
	<source>
		<database>Unknown</database>
	</source>
	<size>
		<width>384</width>
		<height>288</height>
		<depth>1</depth>
	</size>
	<segmented>0</segmented>
	<object>
		<name>watercraft</name>
		<pose>Unspecified</pose>
		<truncated>0</truncated>
		<difficult>0</difficult>
		<bndbox>
			<xmin>104</xmin>
			<ymin>135</ymin>
			<xmax>179</xmax>
			<ymax>218</ymax>
		</bndbox>
	</object>
	<object>
		<name>watercraft</name>
		<pose>Unspecified</pose>
		<truncated>0</truncated>
		<difficult>0</difficult>
		<bndbox>
			<xmin>153</xmin>
			<ymin>205</ymin>
			<xmax>293</xmax>
			<ymax>242</ymax>
		</bndbox>
	</object>
	<object>
		<name>watercraft</name>
		<pose>Unspecified</pose>
		<truncated>1</truncated>
		<difficult>0</difficult>
		<bndbox>
			<xmin>298</xmin>
			<ymin>181</ymin>
			<xmax>384</xmax>
			<ymax>238</ymax>
		</bndbox>
	</object>
</annotation>