<?xml version="1.0" ?><annotation>
	<folder>dataset</folder>
	<filename>34650.jpg</filename>
	<path>dataset/34650.jpg</path>
	<source>
		<database>Unknown</database>
	</source>
	<size>
		<width>384</width>
		<height>288</height>
		<depth>1</depth>
	</size>
	<segmented>0</segmented>
	<object>
		<name>watercraft</name>
		<pose>Unspecified</pose>
		<truncated>0</truncated>
		<difficult>0</difficult>
		<bndbox>
			<xmin>173</xmin>
			<ymin>132</ymin>
			<xmax>242</xmax>
			<ymax>210</ymax>
		</bndbox>
	</object>
	<object>
		<name>watercraft</name>
		<pose>Unspecified</pose>
		<truncated>0</truncated>
		<difficult>0</difficult>
		<bndbox>
			<xmin>235</xmin>
			<ymin>185</ymin>
			<xmax>375</xmax>
			<ymax>231</ymax>
		</bndbox>
	</object>
</annotation>