<?xml version="1.0" ?><annotation>
	<folder>dataset</folder>
	<filename>34678.jpg</filename>
	<path>dataset/34678.jpg</path>
	<source>
		<database>Unknown</database>
	</source>
	<size>
		<width>384</width>
		<height>288</height>
		<depth>1</depth>
	</size>
	<segmented>0</segmented>
	<object>
		<name>watercraft</name>
		<pose>Unspecified</pose>
		<truncated>0</truncated>
		<difficult>0</difficult>
		<bndbox>
			<xmin>46</xmin>
			<ymin>152</ymin>
			<xmax>157</xmax>
			<ymax>179</ymax>
		</bndbox>
	</object>
	<object>
		<name>watercraft</name>
		<pose>Unspecified</pose>
		<truncated>0</truncated>
		<difficult>0</difficult>
		<bndbox>
			<xmin>149</xmin>
			<ymin>144</ymin>
			<xmax>186</xmax>
			<ymax>165</ymax>
		</bndbox>
	</object>
	<object>
		<name>watercraft</name>
		<pose>Unspecified</pose>
		<truncated>1</truncated>
		<difficult>0</difficult>
		<bndbox>
			<xmin>313</xmin>
			<ymin>66</ymin>
			<xmax>384</xmax>
			<ymax>150</ymax>
		</bndbox>
	</object>
</annotation>