<?xml version="1.0" ?><annotation>
	<folder>dataset</folder>
	<filename>36279.jpg</filename>
	<path>dataset/36279.jpg</path>
	<source>
		<database>Unknown</database>
	</source>
	<size>
		<width>384</width>
		<height>288</height>
		<depth>1</depth>
	</size>
	<segmented>0</segmented>
	<object>
		<name>watercraft</name>
		<pose>Unspecified</pose>
		<truncated>0</truncated>
		<difficult>0</difficult>
		<bndbox>
			<xmin>195</xmin>
			<ymin>140</ymin>
			<xmax>260</xmax>
			<ymax>166</ymax>
		</bndbox>
	</object>
	<object>
		<name>watercraft</name>
		<pose>Unspecified</pose>
		<truncated>0</truncated>
		<difficult>0</difficult>
		<bndbox>
			<xmin>341</xmin>
			<ymin>144</ymin>
			<xmax>374</xmax>
			<ymax>160</ymax>
		</bndbox>
	</object>
</annotation>