<?xml version="1.0" ?><annotation>
	<folder>dataset</folder>
	<filename>36443.jpg</filename>
	<path>dataset/36443.jpg</path>
	<source>
		<database>Unknown</database>
	</source>
	<size>
		<width>384</width>
		<height>288</height>
		<depth>1</depth>
	</size>
	<segmented>0</segmented>
	<object>
		<name>watercraft</name>
		<pose>Unspecified</pose>
		<truncated>0</truncated>
		<difficult>0</difficult>
		<bndbox>
			<xmin>79</xmin>
			<ymin>115</ymin>
			<xmax>202</xmax>
			<ymax>154</ymax>
		</bndbox>
	</object>
	<object>
		<name>watercraft</name>
		<pose>Unspecified</pose>
		<truncated>1</truncated>
		<difficult>0</difficult>
		<bndbox>
			<xmin>311</xmin>
			<ymin>127</ymin>
			<xmax>384</xmax>
			<ymax>151</ymax>
		</bndbox>
	</object>
</annotation>